Rank,Name,Year,Genre,Publisher,Global_Sales
84,The Sims 3,2009,Simulation,Electronic Arts,8109999
138,World of Warcraft,2004,Role-Playing,Activision,6280000
182,Diablo III,2012,Role-Playing,Activision,5200000
195,Microsoft Flight Simulator,1996,Simulation,Microsoft Game Studios,5120000
218,StarCraft II: Wings of Liberty,2010,Strategy,Activision,4830000
268,Warcraft II: Tides of Darkness,1995,Strategy,Activision,4210000
282,Half-Life,1997,Shooter,Vivendi Games,4120000
289,World of Warcraft: The Burning Crusade,2007,Role-Playing,Activision,4090000
311,The Elder Scrolls V: Skyrim,2011,Role-Playing,Bethesda Softworks,3880000
329,The Sims: Unleashed,2002,Simulation,Electronic Arts,3760000
354,Doom II: Hell on Earth,1994,Shooter,Virgin Interactive,3610000
457,The Sims: Vacation,2002,Simulation,Electronic Arts,3070000
474,The Sims: Livin Large,2000,Misc,Electronic Arts,2990000
479,The Sims 4,2014,Simulation,Electronic Arts,2970000
480,Star Wars: The Old Republic,2011,Role-Playing,Electronic Arts,2970000
512,Command & Conquer: Red Alert,1996,Strategy,Virgin Interactive,2850000
522,Myst,1994,Adventure,Red Orb,2810000
534,Battlefield 3,2011,Shooter,Electronic Arts,2790000
636,Riven: The Sequel to Myst,1997,Adventure,Red Orb,2430000
649,Theme Hospital,1997,Strategy,Electronic Arts,2400000
655,Monopoly,1994,Misc,Hasbro Interactive,2390000
667,Half-Life 2,2004,Shooter,Vivendi Games,2370000
693,Guild Wars 2,2012,Action,NCSoft,2300000
696,Tomb Raider II,1997,Action,Eidos Interactive,2290000
757,The Sims: House Party,2001,Simulation,Electronic Arts,2160000
767,SimCity 2000,1992,Simulation,Maxis,2140000
801,World of Warcraft: Cataclysm,2010,Role-Playing,Activision,2080000
807,Sim Theme Park,1998,Strategy,Electronic Arts,2080000
808,Warcraft: Orcs & Humans,1994,Strategy,Activision,2080000
876,Star Wars: Dark Forces,1994,Shooter,LucasArts,1950000
880,Who wants to be a millionaire,1999,Misc,Disney Interactive Studios,1940000
900,The Sims: Makin' Magic,2003,Simulation,Electronic Arts,1920000
947,World of Warcraft: Mists of Pandaria,2012,Role-Playing,Activision,1830000
956,The Sims: Hot Date,2001,Simulation,Electronic Arts,1820000
1039,Call of Duty: Modern Warfare 3,2011,Shooter,Activision,1720000
1042,The Sims 3: Late Night Expansion Pack,2010,Simulation,Electronic Arts,1710000
1071,Sid Meier's Civilization V,2010,Strategy,Take-Two Interactive,1690000
1080,The Sims: Superstar,2003,Simulation,Electronic Arts,1680000
1094,StarCraft II: Heart of the Swarm,2013,Strategy,Activision,1670000
1161,Diablo,1996,Role-Playing,Activision,1590000
1207,Command & Conquer: Tiberian Sun,1999,Strategy,Westwood Studios,1550000
1214,Warcraft III: The Frozen Throne,2003,Strategy,Activision,1540000
1219,Call of Duty: Black Ops II,2012,Shooter,Activision,1530000
1246,Football Manager 2012,2011,Sports,Sega,1510000
1256,Final Fantasy XIV: A Realm Reborn,2010,Role-Playing,Square Enix,1500000
1322,Anno 2070,2011,Strategy,Ubisoft,1450000
1337,SimCity (2013),2013,Simulation,Electronic Arts,1440000
1388,Battlefield 4,2013,Shooter,Electronic Arts,1400000
1465,Command & Conquer: Red Alert 2,2000,Strategy,Electronic Arts,1340000
1488,World of Warcraft: Wrath of the Lich King,2008,Role-Playing,Activision,1320000
1554,The Sims 2: Nightlife,2005,Simulation,Electronic Arts,1270000
1573,Football Manager 2011,2010,Sports,Sega,1260000
1578,Championship Manager 03/04,2003,Sports,Eidos Interactive,1260000
1595,RollerCoaster Tycoon 2,2002,Strategy,Atari,1250000
1619,Farming Simulator 2015,2014,Simulation,Focus Home Interactive,1230000
1632,Fallout 4,2015,Role-Playing,Bethesda Softworks,8663000
1719,Spore,2008,Strategy,Electronic Arts,1170000
1736,Football Manager 2013,2012,Sports,Sega,1170000
1743,Fallout: New Vegas,2010,Role-Playing,Bethesda Softworks,6460000
1763,Worldwide Soccer Manager 2009,2008,Simulation,Sega,1150000
1771,Call of Duty 4: Modern Warfare,2007,Shooter,Activision,1150000
1831,Worldwide Soccer Manager 2008,2007,Sports,Russel,1120000
1884,Empire: Total War,2009,Strategy,Sega,1090000
1898,Grand Theft Auto V,2015,Action,Take-Two Interactive,56080000
1926,Championship Manager 99/00,1999,Sports,Eidos Interactive,1070000
1959,Diablo II: Lord of Destruction,2001,Role-Playing,Vivendi Games,1060000
2024,Tomb Raider,2013,Action,Eidos Interactive,8370000
2049,Championship Manager 3,2003,Sports,Eidos Interactive,1010000
2104,Farming Simulator 2013,2012,Simulation,Focus Home Interactive,990000
2105,Fallout 3,2008,Role-Playing,Bethesda Softworks,2190000
2108,Far Cry 3,2012,Shooter,Ubisoft,980000
2122,Grand Theft Auto: San Andreas,2005,Action,Take-Two Interactive,980000
2133,Mass Effect 3,2012,Role-Playing,Electronic Arts,970000
2170,The Witcher 2: Assassins of Kings,2011,Action,Namco Bandai Games,960000
2204,Assassin's Creed III,2012,Action,Ubisoft,940000
2226,Borderlands 2,2012,Shooter,Take-Two Interactive,1030000
2262,Assassin's Creed,2008,Adventure,Ubisoft,920000
2317,The Elder Scrolls Online,2014,Role-Playing,Bethesda Softworks,900000
2349,Call of Duty: Modern Warfare 2,2009,Shooter,Activision,890000
2359,Grand Theft Auto IV,2008,Action,Take-Two Interactive,880000
2635,The 7th Guest,1992,Adventure,Virgin Interactive,780000
2701,Portal 2,2011,Shooter,Valve Software,12260000
2714,Assassin's Creed: Revelations,2011,Action,Ubisoft,760000
2730,Total War: Rome II,2013,Strategy,Sega,760000
2781,Crysis 2,2011,Action,Electronic Arts,740000
2799,Call of Duty: Ghosts,2013,Shooter,Activision,730000
2810,Dragon Age: Inquisition,2014,Role-Playing,Electronic Arts,730000
2826,XCOM: Enemy Unknown,2012,Strategy,Take-Two Interactive,5720000
2857,Crysis,2007,Shooter,Electronic Arts,720000
2858,Battlefield: Bad Company 2,2010,Shooter,Electronic Arts,710000
2891,Football Manager 2014,2013,Sports,Sega,710000
2963,Assassin's Creed IV: Black Flag,2013,Action,Ubisoft,690000
2971,The Sims: Medieval,2011,Simulation,Electronic Arts,690000
3003,Mass Effect,2008,Role-Playing,Electronic Arts,680000
3028,The Witcher 3: Wild Hunt,2015,Role-Playing,Namco Bandai Games,12670000
3032,RIFT,2011,Role-Playing,Unknown,670000
3036,BioShock Infinite,2013,Shooter,Take-Two Interactive,10670000
3042,Command & Conquer: Red Alert 3,2008,Strategy,Electronic Arts,670000
3050,The Sims 3: High-End Loft Stuff,2010,Simulation,Electronic Arts,670000
3072,Rocksmith 2014,2013,Misc,Ubisoft,660000
3075,Napoleon: Total War,2010,Strategy,Sega,660000
3134,Crysis 3,2013,Shooter,Electronic Arts,640000
3156,Dragon Age II,2011,Action,Electronic Arts,640000
3220,The Sims 3: Generations,2011,Simulation,Electronic Arts,630000
3249,Far Cry 4,2014,Shooter,Ubisoft,620000
3279,Tomb Raider III: Adventures of Lara Croft,1998,Action,Eidos Interactive,620000
3384,Dead Space,2008,Action,Electronic Arts,590000
3392,Assassin's Creed: Brotherhood,2011,Action,Ubisoft,590000
3400,Total War: Shogun 2,2011,Strategy,Sega,590000
3432,Deus Ex: Human Revolution,2011,Shooter,Square Enix,590000
3455,The Sims 3: World Adventures,2009,Simulation,Electronic Arts,580000
3459,Titanfall,2014,Shooter,Electronic Arts,580000
3528,Assassin's Creed II,2010,Action,Ubisoft,570000
3658,Assassin's Creed: Unity,2014,Action,Ubisoft,550000
3757,Star Wars Battlefront (2015),2015,Shooter,Electronic Arts,540000
3791,Batman: Arkham City,2011,Action,Warner Bros. Interactive Entertainment,530000
3873,The Sims 2: Open for Business,2006,Simulation,Electronic Arts,520000
3880,Dragon Age: Origins,2009,Role-Playing,Electronic Arts,510000
3890,StarCraft II: Legacy of the Void,2015,Strategy,Activision,510000
3936,Euro Truck Simulator,2008,Simulation,Rondomedia,510000
3938,Dishonored,2012,Action,Bethesda Softworks,6510000
4050,Medal of Honor,2010,Shooter,Electronic Arts,490000
4064,Sniper: Art of Victory,2008,Shooter,City Interactive,490000
4078,Far Cry 2,2008,Action,Ubisoft,490000
4109,World of Warcraft: Warlords of Draenor,2014,Action,Activision Blizzard,480000
4124,Football Manager 2015,2014,Simulation,Sega,480000
4182,"Warhammer 40,000: Dawn of War II",2009,Strategy,THQ,470000
4194,The Sims 3: Ambitions,2010,Simulation,Electronic Arts,470000
4203,FIFA 12,2011,Sports,Electronic Arts,470000
4209,The Sims 3: Outdoor Living Stuff,2011,Simulation,Electronic Arts,470000
4246,Wolfenstein: The New Order,2014,Shooter,Bethesda Softworks,460000
4335,Watch Dogs,2014,Action,Ubisoft,450000
4505,FIFA 14,2013,Sports,Electronic Arts,430000
4511,Overwatch,2016,Shooter,Activision,430000
4535,Max Payne 3,2012,Shooter,Take-Two Interactive,430000
4550,Microsoft Flight Simulator X,2006,Simulation,Microsoft Game Studios,430000
4686,Tomb Raider: The Last Revelation,1998,Action,Eidos Interactive,410000
4691,BioShock,2007,Shooter,Take-Two Interactive,410000
4742,Call of Duty: Advanced Warfare,2014,Shooter,Activision,410000
4764,Duke Nukem Forever,2011,Shooter,Take-Two Interactive,410000
4775,FIFA Soccer 13,2012,Action,Electronic Arts,410000
4841,Mafia II,2010,Action,Take-Two Interactive,400000
4869,Mass Effect 2,2010,Role-Playing,Electronic Arts,400000
4928,Age of Empires III,2005,Strategy,Microsoft Game Studios,390000
4938,Dawn of Discovery,2009,Simulation,Ubisoft,390000
5059,Saints Row: The Third,2011,Action,THQ,380000
5073,Need for Speed: Hot Pursuit,2010,Racing,Electronic Arts,380000
5106,Tom Clancy's The Division,2016,Shooter,Ubisoft,370000
5120,Rage,2011,Shooter,Bethesda Softworks,370000
5134,Medieval II: Total War Gold Edition,2008,Strategy,Sega,370000
5152,Sid Meier's Civilization: Beyond Earth,2014,Strategy,Take-Two Interactive,370000
5153,Need for Speed: The Run,2011,Action,Electronic Arts,370000
5160,Left 4 Dead 2,2009,Shooter,Valve Software,14370000
5217,Middle-Earth: Shadow of Mordor,2014,Action,Warner Bros. Interactive Entertainment,360000
5244,Company of Heroes 2,2013,Strategy,THQ,360000
5423,The Sims 3: Town Life Stuff,2011,Simulation,Electronic Arts,340000
5487,Medal of Honor: Warfighter,2012,Action,Electronic Arts,330000
5575,Dead Space 2,2011,Shooter,Electronic Arts,330000
5580,The Witcher: Enhanced Edition,2008,Role-Playing,Atari,320000
5584,Batman: Arkham Origins,2013,Action,Warner Bros. Interactive Entertainment,320000
5608,Batman: Arkham Asylum,2009,Action,Eidos Interactive,320000
5621,The Settlers 7: Paths to a Kingdom,2010,Strategy,Ubisoft,320000
5700,Fable III,2011,Role-Playing,Microsoft Game Studios,320000
5702,Might & Magic Heroes VI,2011,Role-Playing,Ubisoft,310000
5761,Football Manager 2016,2015,Simulation,Sega,310000
5788,Kingdoms of Amalur: Reckoning,2012,Role-Playing,Electronic Arts,310000
5843,1701 A.D.,2006,Simulation,Deep Silver,300000
5871,The Sims 2,2004,Simulation,Electronic Arts,300000
5902,Need for Speed: Most Wanted,2005,Racing,Electronic Arts,300000
5913,FIFA 15,2014,Sports,Electronic Arts,300000
5921,SimCity 4,2003,Simulation,Electronic Arts,300000
6034,World of Tanks,2011,Shooter,Wargaming.net,290000
6073,Borderlands: The Pre-Sequel,2014,Shooter,Take-Two Interactive,290000
6089,World of Warcraft: Legion,2016,Role-Playing,Activision,290000
6209,RollerCoaster Tycoon 3,2004,Strategy,Atari,280000
6237,Mass Effect Trilogy,2012,Action,Electronic Arts,280000
6254,R.U.S.E.,2010,Strategy,Ubisoft,280000
6300,The Evil Within,2014,Action,Bethesda Softworks,270000
6343,Tropico 4,2011,Strategy,Kalypso Media,270000
6355,Need for Speed Rivals,2013,Racing,Electronic Arts,270000
6468,Zoo Tycoon 2: Ultimate Collection,2008,Strategy,Microsoft Game Studios,260000
6507,The Elder Scrolls IV: Oblivion,2006,Role-Playing,Take-Two Interactive,260000
6594,Silent Hunter 5: Battle of the Atlantic,2010,Simulation,Ubisoft,260000
6598,LEGO Star Wars III: The Clone Wars,2011,Action,LucasArts,260000
6707,L.A. Noire: The Complete Edition,2011,Adventure,Take-Two Interactive,250000
6709,Hitman: Absolution,2012,Action,Square Enix,250000
6745,Anno 2205,2015,Strategy,Ubisoft,250000
6796,Homefront,2011,Shooter,THQ,240000
6839,Metro 2033,2010,Shooter,THQ,240000
6919,Angry Birds,2011,Puzzle,Focus Home Interactive,240000
6952,DC Universe Online,2011,Role-Playing,Sony Online Entertainment,240000
6989,Total War: Attila,2015,Strategy,Sega,230000
7052,Call of Duty: Black Ops 3,2015,Shooter,Activision,230000
7061,Risen 2: Dark Waters,2012,Role-Playing,Deep Silver,230000
7135,Spec Ops: The Line,2012,Shooter,Take-Two Interactive,230000
7201,LEGO The Lord of the Rings,2012,Action,Warner Bros. Interactive Entertainment,220000
7213,Tom Clancy's Rainbow Six: Siege,2015,Shooter,Ubisoft,220000
7267,Dead Island,2011,Action,Deep Silver,220000
7308,EVE Online,2003,Role-Playing,CCP,220000
7486,Defiance,2013,Shooter,Trion Worlds,210000
7523,Two Worlds II,2011,Role-Playing,Unknown,200000
7534,"Warhammer 40,000: Space Marine",2011,Shooter,THQ,200000
7563,Assassin's Creed Syndicate,2015,Action,Ubisoft,200000
7566,XCOM 2,2016,Strategy,Take-Two Interactive,200000
7613,Star Wars: Battlefront,2004,Shooter,LucasArts,200000
7643,Total War: Shogun 2 - Fall of the Samurai,2012,Strategy,Sega,200000
7684,South Park: The Stick of Truth,2014,Role-Playing,Ubisoft,200000
7728,Shutter Island,2009,Adventure,Merscom LLC,200000
7746,Metro: Last Light,2013,Action,Deep Silver,190000
7763,Aliens vs Predator,2010,Shooter,Sega,190000
7770,The Sims 4: Get Together,2015,Simulation,Electronic Arts,190000
7800,Supreme Commander 2,2010,Strategy,Square Enix,190000
7828,Tom Clancy's Splinter Cell: Blacklist,2013,Action,Ubisoft,190000
7853,Need for Speed: Shift 2 Unleashed,2011,Racing,Electronic Arts,190000
7874,Saints Row IV,2013,Action,Deep Silver,6190000
7881,NBA 2K11,2010,Action,Take-Two Interactive,190000
7923,Arcania: Gothic 4,2010,Role-Playing,JoWood Productions,190000
7932,F1 2011,2011,Racing,Codemasters,190000
7951,Call of Duty: World at War,2008,Shooter,Activision,190000
7998,The Lord of the Rings: War in the North,2011,Action,Warner Bros. Interactive Entertainment,180000
8029,Evolve,2015,Shooter,Take-Two Interactive,180000
8035,Borderlands,2009,Shooter,Take-Two Interactive,180000
8042,Company of Heroes: Anthology,2009,Strategy,THQ,180000
8058,Driver: San Francisco,2011,Racing,Ubisoft,180000
8077,Dying Light,2015,Action,Warner Bros. Interactive Entertainment,180000
8096,FIFA Soccer 11,2010,Sports,Electronic Arts,180000
8097,LEGO Marvel Super Heroes,2013,Action,Warner Bros. Interactive Entertainment,180000
8116,Aliens: Colonial Marines,2013,Shooter,Sega,180000
8119,Dark Souls II,2014,Role-Playing,Namco Bandai Games,180000
8129,Tom Clancy's Ghost Recon: Future Soldier,2012,Shooter,Ubisoft,180000
8132,Brink,2011,Shooter,Bethesda Softworks,180000
8136,FIFA 16,2015,Sports,Electronic Arts,180000
8140,Doom (2016),2016,Shooter,Bethesda Softworks,180000
8188,Star Wars: Battlefront II,2005,Shooter,LucasArts,180000
8219,Monkey Island: Special Edition Collection,2011,Adventure,LucasArts,170000
8251,Dungeon Siege III,2011,Role-Playing,Square Enix,170000
8263,The Secret World,2012,Role-Playing,Funcom,170000
8296,Age of Empires III: Complete Collection,2009,Strategy,Microsoft Game Studios,170000
8352,Sid Meier's Civilization IV,2005,Strategy,Take-Two Interactive,170000
8445,Wildstar,2014,Role-Playing,NCSoft,170000
8453,The Sims 3: Seasons,2012,Simulation,Electronic Arts,170000
8580,NBA 2K12,2011,Sports,Take-Two Interactive,160000
8600,The Crew,2014,Racing,Ubisoft,160000
8618,Bulletstorm,2011,Shooter,Electronic Arts,160000
8654,Sniper: Ghost Warrior,2010,Shooter,City Interactive,160000
8679,DiRT 3,2011,Racing,Codemasters,160000
8700,Darksiders II,2012,Action,Nordic Games,160000
8727,F.E.A.R. 3,2011,Shooter,Warner Bros. Interactive Entertainment,150000
8748,Deponia,2012,Adventure,Daedalic,150000
8795,Darksiders,2010,Action,THQ,150000
8824,The Sims Medieval: Pirates and Nobles,2011,Simulation,Electronic Arts,150000
8846,Terraria,2011,Action,Unknown,40150000
8930,F1 2012,2012,Racing,Codemasters,150000
8962,Alien: Isolation,2014,Shooter,Sega,150000
9037,Dragon Age: Origins - Ultimate Edition,2010,Role-Playing,Electronic Arts,140000
9048,ArmA II,2009,Shooter,505 Games,140000
9057,Age of Empires: Collector's Edition,2000,Strategy,Ubisoft,140000
9064,The Orange Box,2007,Shooter,Electronic Arts,140000
9078,Star Wars: Knights of the Old Republic,2003,Role-Playing,LucasArts,140000
9110,Risen,2009,Role-Playing,Deep Silver,140000
9138,Just Cause 3,2015,Action,Square Enix,140000
9201,The Darkness II,2012,Shooter,Take-Two Interactive,140000
9232,Cities: Skylines,2015,Simulation,Paradox Interactive,140000
9252,Far Cry: Primal,2016,Action,Ubisoft,140000
9255,Dead Rising 2,2010,Action,Capcom,140000
9291,Dragon Age Origins: Awakening,2010,Role-Playing,Electronic Arts,140000
9306,Battlefield: Hardline,2015,Shooter,Electronic Arts,140000
9316,Red Orchestra 2: Heroes of Stalingrad,2011,Shooter,Tripwire Interactive,140000
9372,Euro Truck Simulator 2,2012,Action,SCS Software,130000
9449,Diablo II,2000,Role-Playing,Havas Interactive,130000
9518,Warcraft III: Reign of Chaos,2002,Strategy,Vivendi Games,130000
9549,Just Cause 2,2010,Action,Square Enix,130000
9571,Batman: Arkham Knight,2015,Action,Warner Bros. Interactive Entertainment,130000
9638,The Stronghold Collection,2009,Strategy,Take-Two Interactive,130000
9678,Sleeping Dogs,2012,Action,Square Enix,120000
9789,Alice: Madness Returns,2011,Adventure,Electronic Arts,120000
9891,ArmA III,2013,Shooter,Bohemia Interactive,120000
9904,Tropico 5,2014,Simulation,Kalypso Media,120000
9948,Lost Horizon,2010,Adventure,Deep Silver,120000
9972,Darkspore,2011,Role-Playing,Electronic Arts,120000
10007,Stronghold,2001,Strategy,Gathering of Developers,110000
10060,Pro Evolution Soccer 2014,2013,Action,Konami Digital Entertainment,110000
10102,Stronghold Kingdoms,2011,Strategy,DTP Entertainment,110000
10160,18 Wheels of Steel: Extreme Trucker 2,2011,Racing,Rondomedia,110000
10167,Project CARS,2015,Racing,Slightly Mad Studios,110000
10176,Machinarium,2009,Adventure,Daedalic,110000
10226,Thief (2014),2014,Action,Square Enix,110000
10248,Call of Juarez: The Cartel,2011,Shooter,Ubisoft,110000
10268,Sonic Generations,2011,Platform,Sega,110000
10349,Tom Clancy's Splinter Cell: Conviction,2010,Action,Ubisoft,110000
10360,The Book of Unwritten Tales,2009,Adventure,HMH Interactive,110000
10464,The Whispered World,2009,Adventure,Deep Silver,100000
10489,Rome: Total War,2004,Strategy,Activision,100000
10574,Doom 3,2004,Shooter,Activision,100000
10593,Total War: WARHAMMER,2016,Strategy,Sega,100000
10598,[Prototype 2],2012,Action,Activision,100000
10645,Harry Potter and the Deathly Hallows - Part 1,2010,Action,Electronic Arts,100000
10653,Harry Potter and the Deathly Hallows - Part 2,2011,Action,Electronic Arts,100000
10693,Age of Empires II: The Age of Kings,1999,Strategy,Microsoft Game Studios,100000
10694,"Warhammer 40,000: Dawn of War II - Chaos Rising",2010,Strategy,THQ,100000
10697,F1 2014,2014,Racing,Codemasters,100000
10721,Burnout Paradise: The Ultimate Box,2009,Racing,Electronic Arts,100000
10733,Rise of the Tomb Raider,2016,Adventure,Square Enix,100000
10758,Wasteland 2,2015,Role-Playing,inXile Entertainment,100000
10782,Skylanders: Spyro's Adventure,2011,Action,Activision,100000
10818,Halo 2,2007,Shooter,Microsoft Game Studios,100000
10835,Ghostbusters: The Video Game (DS Version),2010,Action,Take-Two Interactive,90000
10838,Angry Birds: Rio,2011,Puzzle,Focus Home Interactive,90000
10840,Risen 3: Titan Lords,2014,Role-Playing,Deep Silver,90000
10841,Dungeons,2011,Strategy,Kalypso Media,90000
10848,Medieval II: Total War,2006,Strategy,Sega,90000
10935,Star Wars: Empire at War - Gold Pack,2007,Strategy,LucasArts,90000
10949,NBA 2K16,2015,Sports,Take-Two Interactive,90000
10952,Black & White 2,2005,Strategy,Electronic Arts,90000
10987,Pro Evolution Soccer 2012,2011,Action,Konami Digital Entertainment,90000
11084,The Sims 2: Apartment Life,2008,Simulation,Electronic Arts,90000
11115,Crysis: Maximum Edition,2009,Shooter,Electronic Arts,90000
11148,RollerCoaster Tycoon 3: Platinum,2005,Strategy,Atari,90000
11149,Age of Mythology,2002,Strategy,Microsoft Game Studios,90000
11160,Star Wars: Empire at War,2006,Strategy,LucasArts,90000
11181,Red Faction: Armageddon,2011,Shooter,THQ,90000
11197,Counter-Strike: Source,2004,Shooter,Valve Software,10090000
11211,Gray Matter,2011,Adventure,DTP Entertainment,90000
11214,Might & Magic Heroes VII,2015,Strategy,Ubisoft,90000
11216,Pro Evolution Soccer 2013,2012,Sports,Konami Digital Entertainment,90000
11230,Edna & Harvey: Harvey's New Eyes,2011,Adventure,Rondomedia,90000
11290,Battlefield 2,2005,Shooter,Electronic Arts,80000
11309,Wildlife Park 3,2011,Simulation,bitComposer Games,80000
11312,Sniper: Ghost Warrior 2,2013,Shooter,City Interactive,80000
11341,X Rebirth,2013,Simulation,Koch Media,80000
11371,Game of Thrones,2012,Role-Playing,Focus Home Interactive,80000
11379,Bejeweled 3,2010,Puzzle,PopCap Games,80000
11390,The Sims 2: Ikea Home Stuff,2008,Simulation,Electronic Arts,80000
11400,Major League Baseball 2K11,2011,Sports,Take-Two Interactive,80000
11466,Wolfenstein: The Old Blood,2015,Action,Bethesda Softworks,80000
11468,The Sims 3: Fast Lane Stuff,2010,Simulation,Electronic Arts,80000
11485,Tomb Raider: Underworld,2008,Action,Eidos Interactive,80000
11487,"Warhammer 40,000: Dawn of War II - Retribution",2011,Strategy,THQ,80000
11515,Silent Hunter III,2005,Simulation,Ubisoft,80000
11521,Serious Sam 3: BFE,2011,Shooter,Mastertronic,80000
11544,The First Templar,2011,Action,Kalypso Media,80000
11572,Need For Speed: Undercover,2008,Racing,Electronic Arts,80000
11592,Minecraft: Story Mode,2015,Adventure,Mojang,80000
11605,Rayman Origins,2012,Platform,Ubisoft,80000
11666,Need for Speed Underground 2,2004,Racing,Electronic Arts,80000
11678,Need for Speed: Most Wanted,2012,Racing,Electronic Arts,80000
11680,The Lord of the Rings: The Battle for Middle-Earth,2004,Strategy,Electronic Arts,80000
11704,Metal Gear Solid V: The Phantom Pain,2015,Action,Konami Digital Entertainment,80000
11721,Divinity II: Ego Draconis,2009,Role-Playing,DTP Entertainment,80000
11748,Torchlight,2009,Role-Playing,JoWood Productions,70000
11794,The Sims 3: Barnacle Bay,2011,Simulation,Electronic Arts,70000
11803,SimCity 4: Deluxe Edition,2003,Simulation,Electronic Arts,70000
11815,Goodbye Deponia,2013,Adventure,Daedalic Entertainment,70000
11869,Pro Farm 1,2011,Simulation,Excalibur Publishing,70000
11879,Dark Souls,2012,Role-Playing,Namco Bandai Games,70000
11900,The Testament of Sherlock Holmes,2012,Adventure,Focus Home Interactive,70000
11918,Operation Flashpoint: Red River,2011,Shooter,Codemasters,70000
11919,F.E.A.R. 2: Project Origin,2009,Shooter,Warner Bros. Interactive Entertainment,70000
11933,Kane & Lynch 2: Dog Days,2010,Shooter,Square Enix,70000
11946,Fable: The Lost Chapters,2005,Role-Playing,Microsoft Game Studios,70000
11957,Football Manager 2010,2009,Sports,Sega,70000
11974,Microsoft Flight Simulator 2004: A Century of Flight,2003,Simulation,Microsoft Game Studios,70000
11979,Emergency 2012,2010,Simulation,Deep Silver,70000
11993,Hearts of Iron III,2009,Strategy,Paradox Interactive,70000
12001,The Sims 2: Seasons,2007,Simulation,Electronic Arts,70000
12007,Battleborn,2016,Shooter,Take-Two Interactive,70000
12049,Assassin's Creed: Rogue,2015,Action,Ubisoft,70000
12068,Command & Conquer 3: Tiberium Wars,2007,Strategy,Electronic Arts,70000
12096,Resident Evil 5,2009,Action,Capcom,70000
12102,GRID 2,2013,Racing,Codemasters,70000
12110,Alan Wake,2012,Action,Nordic Games,70000
12157,Cities XL 2012,2011,Strategy,Focus Home Interactive,70000
12179,Age of Empires III: The Asian Dynasties,2007,Strategy,Microsoft Game Studios,70000
12205,TRON: Evolution,2010,Action,Disney Interactive Studios,70000
12229,Pro Evolution Soccer 2015,2014,Sports,Konami Digital Entertainment,70000
12266,The LEGO Movie Videogame,2014,Action,Warner Bros. Interactive Entertainment,60000
12319,The Book of Unwritten Tales: The Critter Chronicles,2011,Action,Crimson Cow,60000
12334,Lego Batman 3: Beyond Gotham,2014,Action,Warner Bros. Interactive Entertainment,60000
12350,Star Wars Knights of the Old Republic II: The Sith Lords,2005,Role-Playing,LucasArts,60000
12362,Age of Empires Online,2011,Strategy,Microsoft Game Studios,60000
12385,Blur,2010,Racing,Activision,60000
12398,Unreal Tournament III,2007,Shooter,Midway Games,60000
12401,The Next BIG Thing,2011,Adventure,Focus Home Interactive,60000
12410,Call of Duty 2,2005,Shooter,Activision,60000
12417,A New Beginning,2010,Adventure,Deep Silver,60000
12454,S.T.A.L.K.E.R.: Call of Pripyat,2009,Shooter,Namco Bandai Games,60000
12467,The Witcher,2007,Role-Playing,Atari,60000
12479,Sacred 2: Fallen Angel,2008,Role-Playing,Ascaron Entertainment GmbH,60000
12481,Dead Rising 2: Off the Record,2011,Action,Capcom,60000
12494,EverQuest II: Destiny of Velious,2011,Role-Playing,Sony Online Entertainment,60000
12498,Remember Me,2013,Action,Capcom,60000
12528,Syndicate,1992,Strategy,Electronic Arts,60000
12542,Need for Speed: Shift,2009,Racing,Electronic Arts,60000
12543,Zoo Tycoon: Complete Collection,2003,Strategy,Microsoft Game Studios,60000
12549,Create,2010,Action,Electronic Arts,60000
12552,Zoo Tycoon 2,2004,Strategy,Microsoft Game Studios,60000
12574,LEGO Batman: The Videogame,2008,Action,Warner Bros. Interactive Entertainment,60000
12607,pro evolution soccer 2011,2010,Sports,Konami Digital Entertainment,60000
12624,S.T.A.L.K.E.R.: Shadow of Chernobyl,2007,Shooter,THQ,60000
12657,The Saboteur,2009,Action,Electronic Arts,60000
12674,The Sims 2: University,2005,Simulation,Electronic Arts,60000
12686,Harry Potter and the Sorcerer's Stone,2001,Action,Electronic Arts,60000
12690,Murdered: Soul Suspect,2014,Action,Square Enix,60000
12705,Mirror's Edge,2009,Platform,Electronic Arts,60000
12718,Titan Quest,2006,Role-Playing,THQ,60000
12732,Dungeon Keeper 2,1999,Action,Electronic Arts,60000
12752,Gothic 3,2006,Role-Playing,JoWood Productions,60000
12764,F1 2010,2010,Racing,Codemasters,60000
12767,The Lost Chronicles of Zerzura,2012,Adventure,DTP Entertainment,60000
12768,Ski Region Simulator,2011,Simulation,Excalibur Publishing,60000
12825,4 Elements,2009,Puzzle,Mastertronic,50000
12828,Airline Tycoon 2,2011,Simulation,Kalypso Media,50000
12831,Medal of Honor: Airborne,2007,Shooter,Electronic Arts,50000
12838,IL-2 Sturmovik: Cliffs of Dover,2011,Simulation,Ubisoft,50000
12862,"Murder, She Wrote",2009,Adventure,Focus Home Interactive,50000
12873,Front Mission Evolved,2010,Shooter,Square Enix,50000
12901,Dark Souls III,2016,Role-Playing,Namco Bandai Games,50000
12903,Tom Clancy's HAWX 2,2010,Action,Ubisoft,50000
12922,Venetica,2009,Role-Playing,DTP Entertainment,50000
12940,FIFA 17,2016,Sports,Electronic Arts,50000
12948,Hunted: The Demon's Forge,2011,Action,Bethesda Softworks,50000
12954,The Bureau: XCOM Declassified,2013,Shooter,Take-Two Interactive,50000
12964,Cities in Motion,2011,Simulation,Paradox Interactive,50000
13023,Microsoft Flight Simulator X Acceleration Expansion Pack,2007,Simulation,Microsoft Game Studios,50000
13025,Mortal Kombat X,2015,Fighting,Warner Bros. Interactive Entertainment,50000
13034,Plants vs. Zombies,2009,Strategy,PopCap Games,50000
13040,Star Wars: Republic Commando,2005,Shooter,LucasArts,50000
13045,Bejeweled Twist,2008,Puzzle,PopCap Games,50000
13046,Street Fighter V,2016,Fighting,Capcom,50000
13052,Sherlock Holmes: Crimes & Punishments,2014,Adventure,Focus Home Interactive,50000
13059,Men of War: Assault Squad,2011,Strategy,1C Company,50000
13102,Mirror's Edge Catalyst,2016,Platform,Electronic Arts,50000
13105,LEGO The Hobbit,2014,Action,Warner Bros. Interactive Entertainment,50000
13129,DiRT 2,2009,Racing,Codemasters,50000
13136,Singularity,2010,Shooter,Mastertronic,50000
13141,"Warhammer 40,000: Dawn of War",2004,Strategy,THQ,50000
13153,Need for Speed Carbon,2006,Racing,Electronic Arts,50000
13169,Empire Earth,2001,Strategy,Vivendi Games,50000
13181,Freelancer,2003,Simulation,Microsoft Game Studios,50000
13183,Operation Flashpoint: Dragon Rising,2009,Shooter,Codemasters,50000
13191,LEGO Indiana Jones 2: The Adventure Continues,2009,Action,Activision,50000
13199,Sesame Street: Cookie's Counting Carnival,2010,Misc,Warner Bros. Interactive Entertainment,50000
13227,Need for Speed Underground,2003,Racing,Electronic Arts,50000
13230,Worms Reloaded,2010,Strategy,Team17 Software,50000
13231,StarCraft,1998,Strategy,Activision,50000
13252,Far Cry,2004,Shooter,Ubisoft,50000
13271,Ship Simulator Extremes,2010,Simulation,Paradox Interactive,50000
13276,FIFA Soccer 10,2009,Sports,Electronic Arts,50000
13289,The Sims,2000,Simulation,Electronic Arts,50000
13299,Payday 2,2013,Shooter,505 Games,50000
13300,Grand Ages: Medieval,2015,Strategy,Kalypso Media,50000
13303,Company of Heroes,2006,Strategy,THQ,50000
13308,Silent Hunter: Wolves of the Pacific,2007,Simulation,Ubisoft,50000
13323,Jonah Lomu Rugby Challenge,2011,Sports,Home Entertainment Suppliers,50000
13331,Microsoft Train Simulator,2001,Simulation,Microsoft Game Studios,50000
13340,Supreme Commander,2007,Strategy,THQ,50000
13342,F1 2015,2015,Racing,Codemasters,50000
13360,FIFA Manager 12,2011,Sports,Electronic Arts,50000
13370,Mafia,2002,Action,Take-Two Interactive,50000
13376,Black Mirror 2,2009,Adventure,DTP Entertainment,50000
13405,City Life: World Edition,2007,Simulation,Monte Christo Multimedia,50000
13408,Wolfenstein,2009,Shooter,Activision,50000
13420,Sesame Street: Elmo's A-to-Zoo Adventure,2010,Misc,Warner Bros. Interactive Entertainment,50000
13430,Tropico 3,2009,Strategy,Kalypso Media,50000
13432,Avatar: The Game,2009,Action,Ubisoft,50000
13438,Plants vs. Zombies: Garden Warfare 2,2016,Shooter,Electronic Arts,50000
13444,Secret Files: Tunguska,2006,Adventure,DreamCatcher Interactive,50000
13456,Jewel Master: Cradle Of Rome 2,2011,Puzzle,Rising Star Games,40000
13467,Runaway: A Twist of Fate,2009,Adventure,Focus Home Interactive,40000
13485,Tom Clancy's HAWX,2009,Action,Ubisoft,40000
13496,Praetorians,2003,Strategy,Eidos Interactive,40000
13501,Resident Evil 6,2012,Shooter,Capcom,40000
13506,IL-2 Sturmovik: 1946,2006,Simulation,Ubisoft,40000
13539,Split/Second,2010,Racing,Disney Interactive Studios,40000
13553,Jewel Quest 5: The Sleepless Star,2011,Action,Astragon,40000
13564,Life is Strange,2016,Adventure,Square Enix,40000
13565,Need for Speed: ProStreet,2007,Racing,Electronic Arts,40000
13568,Pro Evolution Soccer 2016,2015,Sports,Konami Digital Entertainment,40000
13597,LEGO Indiana Jones: The Original Adventures,2008,Action,LucasArts,40000
13618,The Sims 2: Pets,2006,Simulation,Electronic Arts,40000
13624,The Sims Deluxe,2002,Simulation,Electronic Arts,40000
13625,Port Royale 2,2004,Strategy,Ascaron Entertainment GmbH,40000
13632,Black & White,2001,Strategy,Electronic Arts,40000
13633,NCIS,2011,Adventure,Ubisoft,40000
13635,Company of Heroes: Tales of Valor,2009,Strategy,THQ,40000
13640,Devil May Cry 4,2008,Action,Capcom,40000
13660,Heroes of Might and Magic V,2006,Strategy,Ubisoft,40000
13664,Virtua Tennis 4,2011,Sports,Sega,40000
13666,Farm Frenzy 3,2009,Strategy,Alawar Entertainment,40000
13673,Major League Baseball 2K12,2012,Sports,Take-Two Interactive,40000
13679,Imperial Glory,2005,Strategy,Eidos Interactive,40000
13684,Sonic PC Collection,2009,Misc,Sega,40000
13688,Lost Planet 3,2013,Shooter,Capcom,40000
13694,Rise of Nations,2003,Strategy,Microsoft Game Studios,40000
13705,Company of Heroes: Opposing Fronts,2007,Strategy,THQ,40000
13711,Men of War: Vietnam,2011,Strategy,Unknown,40000
13726,Off-Road Drive,2011,Racing,1C Company,40000
13734,Grand Theft Auto: Vice City,2003,Action,Take-Two Interactive,40000
13753,Resident Evil: Operation Raccoon City,2012,Action,Capcom,40000
13774,Empire Earth III,2007,Strategy,Vivendi Games,40000
13786,Guild Wars Trilogy,2005,Role-Playing,NCSoft,40000
13787,Patrician IV,2010,Strategy,Kalypso Media,40000
13793,CSI: Fatal Conspiracy,2010,Adventure,Ubisoft,40000
13808,Resident Evil: Revelations,2013,Action,Capcom,40000
13827,Castlevania: Lords of Shadow 2,2014,Action,Konami Digital Entertainment,40000
13833,All Points Bulletin,2010,Role-Playing,Electronic Arts,40000
13835,The Movies,2005,Simulation,Activision,40000
13838,The Sims 4: Spa Day,2015,Simulation,Electronic Arts,40000
13841,JASF: Jane's Advanced Strike Fighters,2011,Simulation,Deep Silver,40000
13851,Scarface: The World is Yours,2006,Action,Vivendi Games,40000
13852,Blood Bowl,2009,Sports,Focus Home Interactive,40000
13854,Supreme Commander: Forged Alliance,2007,Strategy,THQ,40000
13858,Sid Meier's Railroads!,2006,Simulation,Take-Two Interactive,40000
13871,Caesar IV,2006,Strategy,Vivendi Games,40000
13876,Harry Potter and the Order of the Phoenix,2007,Action,Electronic Arts,40000
13886,Halo: Combat Evolved,2003,Shooter,Microsoft Game Studios,40000
13894,Richard Burns Rally,2004,Racing,SCi,40000
13906,Saints Row 2,2009,Action,THQ,40000
13907,Harry Potter and the Prisoner of Azkaban,2004,Action,Electronic Arts,40000
13912,LEGO Jurassic World,2015,Action,Warner Bros. Interactive Entertainment,40000
13913,Secret Files 2: Puritas Cordis,2009,Adventure,Deep Silver,40000
13918,Civilization Beyond Earth: Rising Tide,2015,Strategy,Take-Two Interactive,40000
13932,Train Simulator 2016,2015,Simulation,Unknown,40000
13947,APB Reloaded,2011,Role-Playing,Iceberg Interactive,40000
13948,Railroad Tycoon 3,2003,Strategy,Gathering of Developers,40000
13982,Trine 2,2011,Platform,Focus Home Interactive,40000
13985,Worms: Ultimate Mayhem,2011,Strategy,Unknown,40000
13992,The Night of the Rabbit,2013,Adventure,Daedalic Entertainment,40000
14003,Age of Mythology: The Titans,2003,Strategy,Microsoft Game Studios,40000
14013,World of Goo,2008,Puzzle,2D Boy,40000
14020,World in Conflict,2007,Strategy,Vivendi Games,40000
14023,S.T.A.L.K.E.R.: Clear Sky,2008,Shooter,Deep Silver,40000
14030,World in Conflict: Complete Edition,2009,Strategy,Ubisoft,40000
14038,Caesar III,1998,Strategy,Vivendi Games,40000
14041,Tomb Raider: Anniversary,2007,Action,Eidos Interactive,40000
14051,Gothic Universe,2007,Role-Playing,JoWood Productions,40000
14053,Alpha Protocol,2010,Role-Playing,Sega,40000
14056,DarkStar One,2006,Simulation,Ubisoft,40000
14065,Sins of a Solar Empire: Trinity,2010,Strategy,Kalypso Media,40000
14073,Planescape: Torment,1998,Role-Playing,Interplay,40000
14076,Hello Kitty: Roller Rescue,2005,Action,Empire Interactive,40000
14078,A Game of Thrones: Genesis,2011,Strategy,Focus Home Interactive,40000
14079,Hotel Giant 2,2008,Strategy,JoWood Productions,40000
14084,Hitman: Blood Money,2006,Action,Eidos Interactive,40000
14086,The Cursed Crusade,2011,Action,DTP Entertainment,40000
14091,Star Wars Jedi Knight: Jedi Academy,2003,Shooter,Activision,40000
14097,Might & Magic X: Legacy,2014,Role-Playing,Ubisoft,40000
14112,Supreme Ruler: Cold War,2011,Strategy,Paradox Interactive,30000
14125,Apache: Air Assault,2010,Simulation,Just Flight,30000
14127,Championship Manager Season 01/02,2001,Sports,Eidos Interactive,30000
14134,The Void,2008,Adventure,Mamba Games,30000
14148,Prey,2006,Shooter,Take-Two Interactive,30000
14161,Rise of Nations: Rise of Legends,2006,Strategy,Microsoft Game Studios,30000
14164,Zoo Tycoon,2001,Strategy,Microsoft Game Studios,30000
14187,Sacra Terra: Angelic Night,2011,Puzzle,Avanquest,30000
14207,Red Faction: Guerrilla,2009,Shooter,THQ,30000
14214,RACE On,2009,Racing,bitComposer Games,30000
14217,Overlord II,2009,Action,Codemasters,30000
14222,Call of Juarez: Bound in Blood,2009,Shooter,Ubisoft,30000
14238,The Sims 2: Glamour Life Stuff,2006,Simulation,Electronic Arts,30000
14241,Prince of Persia: The Forgotten Sands,2010,Action,Ubisoft,30000
14246,Trials Fusion,2014,Racing,Ubisoft,30000
14252,The Binding of Isaac,2012,Action,Unknown,9000000
14256,Midnight Mysteries: The Edgar Allan Poe Conspiracy,2009,Adventure,GSP,30000
14264,SBK 2011: FIM Superbike World Championship,2011,Racing,Black Bean Games,30000
14267,Combat Mission: Shock Force,2007,Strategy,Paradox Interactive,30000
14268,Rome: Total War - Gold Edition,2006,Strategy,Sega,30000
14270,Mystery Case Files: Ravenhearst,2007,Puzzle,Focus Home Interactive,30000
14277,Living Legends: Frozen Beauty,2014,Action,Big Fish Games,30000
14284,Guitar Hero: World Tour,2009,Misc,Aspyr,30000
14285,Nancy Drew: Alibi In Ashes,2011,Adventure,Her Interactive,30000
14286,The Walking Dead: Season One,2012,Adventure,Avanquest Software,30000
14302,Men of War,2009,Strategy,505 Games,30000
14311,Hallowed Legends: Samhain,2011,Adventure,Focus Home Interactive,30000
14330,Neverwinter Nights,2002,Role-Playing,Atari,30000
14331,East India Company Collection,2010,Misc,Paradox Interactive,30000
14333,The Inner World,2013,Adventure,Headup Games,30000
14338,Alter Ego,1985,Simulation,Activision,30000
14369,Lock On: Modern Air Combat,2003,Simulation,Ubisoft,30000
14374,Super Meat Boy: Ultra Edition!,2011,Platform,Unknown,30000
14384,Homeworld 2,2003,Strategy,Vivendi Games,30000
14386,Hearts of Iron IV,2016,Strategy,Paradox Interactive,30000
14391,Rayman 3: Hoodlum Havoc,2003,Platform,Ubisoft,30000
14398,Ratatouille,2007,Action,THQ,30000
14407,Take On Helicopters,2011,Simulation,Unknown,30000
14410,Shaun White Skateboarding,2010,Sports,Ubisoft,30000
14411,Empire Earth II,2005,Strategy,Vivendi Games,30000
14414,NBA 2K13,2012,Sports,Take-Two Interactive,30000
14416,Harry Potter and the Half-Blood Prince,2009,Action,Electronic Arts,30000
14418,Knights of Honor,2004,Strategy,Sunflowers,30000
14424,Codename: Panzers Cold War,2009,Strategy,Atari,30000
14442,Transformers: Devastation,2015,Action,Activision,30000
14450,Section 8,2009,Shooter,SouthPeak Games,30000
14468,Sins of a Solar Empire,2008,Strategy,Pinnacle,30000
14472,Lords of the Fallen,2014,Role-Playing,Square Enix,30000
14483,Resident Evil 4,2007,Action,Ubisoft,30000
14503,GTR Evolution,2008,Racing,Atari,30000
14510,SimCity,1988,Simulation,Maxis,30000
14513,Casino Chaos With Las Vegas Players Collection,2011,Misc,THQ,30000
14519,Doom 3 BFG Edition,2012,Shooter,Bethesda Softworks,30000
14529,Braid,2009,Platform,Number None,30000
14532,Star Wars: The Force Unleashed II,2010,Action,LucasArts,30000
14533,Need for Speed (2015),2016,Racing,Electronic Arts,30000
14543,Commander: Conquest of the Americas,2010,Strategy,Paradox Interactive,30000
14546,Royal Palace of White Sword and The City of Gentiles,2009,Role-Playing,Take-Two Interactive,30000
14550,007: Quantum of Solace,2008,Action,Activision,30000
14558,Pro Cycling Manager 2016,2016,Sports,Focus Home Interactive,30000
14571,Jack Keane,2008,Adventure,Kalypso Media,30000
14572,World of Zoo,2009,Simulation,THQ,30000
14581,Syberia,2002,Action,Microids,30000
14589,Battlefield 1942: The WW II Anthology,2004,Shooter,Electronic Arts,30000
14602,Doom,1992,Shooter,id Software,30000
14630,Monsters vs. Aliens,2009,Action,Activision,30000
14634,The Great Mystery Hidden Object Package 5,2015,Adventure,Rondomedia,30000
14638,Stellaris,2016,Strategy,Paradox Interactive,30000
14645,Mystery Trackers: The Void,2011,Puzzle,Focus Home Interactive,30000
14649,Botanicula,2012,Adventure,Daedalic Entertainment,30000
14656,Age of Conan: Rise of the Godslayer,2010,Role-Playing,Funcom,30000
14657,Totally Spies! Totally Party,2008,Misc,Ubisoft,30000
14658,Battlefield Vietnam,2004,Shooter,Electronic Arts,30000
14666,The Settlers II 10th Anniversary,2006,Action,Ubisoft,30000
14669,Ride,2015,Racing,Milestone S.r.l.,30000
14673,Warhammer: Mark of Chaos,2006,Strategy,Deep Silver,30000
14682,Schlag den Raab,2010,Misc,Namco Bandai Games,30000
14691,Cossacks: European Wars,2001,Strategy,Strategy First,30000
14698,Prince of Persia (2008),2008,Action,Ubisoft,30000
14704,Magicka,2011,Role-Playing,Paradox Interactive,30000
14705,Star Trek: The Game,2013,Action,Namco Bandai Games,30000
14712,X3: Terran Conflict,2008,Simulation,Deep Silver,30000
14724,King Arthur II,2011,Strategy,Paradox Interactive,30000
14725,Max Payne 2: The Fall of Max Payne,2003,Shooter,Take-Two Interactive,30000
14731,MySims,2008,Simulation,Electronic Arts,30000
14732,Guild Wars: Nightfall,2006,Role-Playing,NCSoft,30000
14746,RollerCoaster Tycoon 2: Triple Thrill Pack,2003,Strategy,Atari,30000
14755,Star Wars The Clone Wars: Republic Heroes,2009,Action,LucasArts,30000
14758,DiRT Rally,2016,Racing,Codemasters,30000
14770,The Sims 2: Bon Voyage,2007,Simulation,Electronic Arts,30000
14781,GRID Autosport,2014,Racing,Codemasters,30000
14783,Neverwinter Nights Diamond,2004,Role-Playing,Atari,30000
14784,Divinity II: Flames of Vengeance,2010,Role-Playing,DTP Entertainment,30000
14786,Battlefield 2142,2006,Shooter,Electronic Arts,30000
14788,Air Conflicts: Secret Wars,2011,Simulation,bitComposer Games,30000
14791,Lost Planet 2,2010,Shooter,Capcom,30000
14797,Bully: Scholarship Edition,2008,Action,Take-Two Interactive,30000
14799,Guild Wars,2005,Role-Playing,NCSoft,30000
14826,Captain Morgane and the Golden Turtle,2012,Adventure,Reef Entertainment,30000
14828,Age of Empires III: Gold Edition,2007,Strategy,Microsoft Game Studios,30000
14839,Dungeon Siege II,2005,Role-Playing,Microsoft Game Studios,30000
14844,SWAT 4,2005,Shooter,Vivendi Games,30000
14847,Magicka Collection,2011,Adventure,Unknown,30000
14857,The Lord of the Rings: Conquest,2009,Action,Electronic Arts,30000
14872,Battlestations: Pacific,2009,Strategy,Eidos Interactive,30000
14873,Neverwinter Nights 2,2006,Role-Playing,Atari,30000
14875,Battlefield 1942,2002,Shooter,Electronic Arts,30000
14878,X-Men Origins: Wolverine - Uncaged Edition,2009,Action,Activision,30000
14887,LEGO Pirates of the Caribbean: The Video Game,2011,Action,Disney Interactive Studios,30000
14889,Jurassic Park: Operation Genesis,2003,Simulation,Vivendi Games,30000
14917,Stronghold 2 Deluxe,2005,Strategy,Take-Two Interactive,20000
14921,Puppet Show 3: Lost Town,2011,Puzzle,Focus Home Interactive,20000
14922,Star Wars: Empire at War - Forces of Corruption,2006,Strategy,LucasArts,20000
14929,Ghost Pirates of Vooju Island,2009,Adventure,DTP Entertainment,20000
14933,ParaWorld,2006,Strategy,Deep Silver,20000
14934,Tropico Reloaded,2009,Strategy,Kalypso Media,20000
14936,Pharaoh,1998,Strategy,Vivendi Games,20000
14943,The Settlers: Rise of an Empire,2007,Strategy,Ubisoft,20000
14948,Warhammer Online: Age of Reckoning,2008,Role-Playing,GOA,20000
14963,LEGO Harry Potter: Years 1-4,2010,Action,Warner Bros. Interactive Entertainment,20000
14965,Viva Pinata,2007,Simulation,Microsoft Game Studios,20000
14969,Bus Simulator 16,2016,Simulation,Astragon,20000
14976,Demigod,2009,Strategy,Atari,20000
14984,Star Trek Online,2010,Role-Playing,Atari,20000
14996,Tropico 4: Modern Times,2012,Strategy,Kalypso Media,20000
14997,Europa Universalis III Complete,2008,Strategy,Paradox Interactive,20000
15007,Tom Clancy's Rainbow Six: Vegas 2,2008,Shooter,Ubisoft,20000
15017,SimCity Societies,2007,Simulation,Electronic Arts,20000
15020,Fishdom 2 Deluxe,2010,Puzzle,Rondomedia,20000
15026,Brothers in Arms: Hell's Highway,2008,Shooter,Ubisoft,20000
15029,Stronghold Crusader Extreme,2008,Strategy,Gamecock,20000
15034,Cities XL 2011,2010,Simulation,Focus Home Interactive,20000
15035,Kung Fu Panda,2008,Action,Activision,20000
15047,Street Fighter X Tekken,2012,Fighting,Capcom,20000
15049,Ceville,2009,Action,Kalypso Media,20000
15065,GT Legends,2005,Racing,Atari,20000
15068,F1 Race Stars,2012,Racing,Codemasters,20000
15072,Escape the Emerald Star,2011,Puzzle,PopCap Games,20000
15076,Falcon 4.0: Allied Force,2005,Simulation,Graphsim Entertainment,20000
15083,Unreal Anthology,2006,Shooter,Midway Games,20000
15084,X3: Terran War Pack,2012,Misc,Deep Silver,20000
15090,Tom Clancy's EndWar,2009,Strategy,Ubisoft,20000
15092,Left 4 Dead,2008,Shooter,Electronic Arts,20000
15093,Bejeweled 2 Deluxe,2006,Puzzle,Focus Home Interactive,20000
15097,DiRT,2007,Racing,Codemasters,20000
15108,Frontlines: Fuel of War,2008,Shooter,THQ,20000
15112,Grey's Anatomy: The Video Game,2009,Adventure,Ubisoft,20000
15124,Test Drive Unlimited,2007,Racing,Atari,20000
15125,SAW,2009,Action,Konami Digital Entertainment,20000
15130,Ice Age: Dawn of the Dinosaurs,2009,Action,Activision,20000
15134,Serious Sam HD: Gold Edition,2010,Shooter,Devolver Digital,20000
15137,Homeworld,1998,Strategy,Vivendi Games,20000
15141,Plants vs. Zombies: Garden Warfare,2014,Shooter,Electronic Arts,20000
15142,Max Payne,2001,Shooter,Take-Two Interactive,20000
15146,IL-2 Sturmovik: Forgotten Battles,2003,Simulation,Ubisoft,20000
15147,Overlord,2007,Strategy,Codemasters,20000
15148,Sacred 3,2014,Role-Playing,Deep Silver,20000
15153,Rocket League,2016,Sports,505 Games,16020000
15155,18 Wheels of Steel: Extreme Trucker,2009,Racing,Rondomedia,20000
15166,Cities in Motion Collection,2011,Simulation,Unknown,20000
15175,The Settlers IV,2001,Strategy,Blue Byte,20000
15177,Mount & Blade,2008,Role-Playing,Paradox Interactive,20000
15182,Mata Hari: Betrayal is only a Kiss Away,2008,Adventure,DTP Entertainment,20000
15185,Quake 4,2005,Shooter,Activision,20000
15186,Maximum Capacity: Hotel Giant,2002,Strategy,JoWood Productions,20000
15193,Fuel,2009,Racing,Codemasters,20000
15203,Indigo Prophecy,2005,Adventure,Atari,20000
15205,Tale of a Hero,2010,Adventure,Daedalic,20000
15208,FIFA Soccer 09,2008,Sports,Electronic Arts,20000
15209,The Lord of the Rings: The Battle for Middle-Earth II,2006,Strategy,Electronic Arts,20000
15212,So Blonde,2008,Adventure,Eidos Interactive,20000
15222,Legend: Hand of God,2007,Role-Playing,DTP Entertainment,20000
15232,Fallout Trilogy,2004,Role-Playing,Ubisoft,20000
15234,The Sims: Complete Collection,2005,Simulation,Electronic Arts,20000
15235,Command & Conquer 3: Deluxe Edition,2008,Strategy,Electronic Arts,20000
15237,Sacred Gold,2005,Role-Playing,Encore,20000
15252,Order of War,2009,Strategy,Square Enix,20000
15254,Painkiller,2004,Shooter,DreamCatcher Interactive,20000
15260,Spider-Man: Web of Shadows,2008,Action,Activision,20000
15270,Dungeon Defenders,2011,Role-Playing,Unknown,20000
15275,Command & Conquer: The First Decade,2006,Strategy,Electronic Arts,20000
15294,Stormrise,2009,Strategy,Sega,20000
15303,F1 2016 (Codemasters),2016,Racing,Codemasters,20000
15305,Spider-Man 3,2007,Platform,Activision,20000
15308,Rugby League Team Manager 2015,2015,Action,Alternative Software,20000
15310,The Lord of the Rings Online: Mines of Moria,2008,Role-Playing,Codemasters Online,20000
15312,War Leaders: Clash of Nations,2009,Strategy,CDV Software Entertainment,20000
15332,Hellgate: London,2007,Role-Playing,Electronic Arts,20000
15342,Homefront: The Revolution,2016,Shooter,Deep Silver,20000
15346,TOCA Race Driver 3,2006,Racing,Codemasters,20000
15347,Airport Simulator,2011,Simulation,Unknown,20000
15352,Oil Rush,2012,Strategy,Iceberg Interactive,20000
15380,The Sims 2: Happy Holiday Stuff,2006,Simulation,Electronic Arts,20000
15392,Ridge Racer Unbounded,2012,Racing,Namco Bandai Games,20000
15412,Deus Ex: Mankind Divided,2016,Role-Playing,Square Enix,20000
15418,RollerCoaster Tycoon World,2016,Simulation,Atari,20000
15420,Trapped Dead,2011,Strategy,Iceberg Interactive,20000
15426,Littlest Pet Shop,2008,Simulation,Electronic Arts,20000
15430,The Sims 2: Family Fun Stuff,2006,Simulation,Electronic Arts,20000
15432,Worldwide Soccer Manager 2007,2006,Sports,Sega,20000
15433,Heroes of the Pacific,2005,Simulation,Codemasters,20000
15436,Mount & Blade: Warband,2010,Role-Playing,Paradox Interactive,5020000
15438,Dark Tales: Edgar Allan Poe's The Premature Burial,2012,Puzzle,Focus Multimedia,20000
15440,Resident Evil Zero,2016,Action,Capcom,20000
15444,Mini Ninjas,2009,Action,Eidos Interactive,20000
15446,NHL 09,2008,Sports,Electronic Arts,20000
15454,UFO: Trilogy,2007,Strategy,Unknown,20000
15455,Mount & Blade Collection,2012,Role-Playing,Paradox Interactive,20000
15457,Vietcong,2003,Shooter,Gathering of Developers,20000
15463,Starship Troopers,2005,Shooter,Empire Interactive,20000
15465,Crysis: Warhead,2008,Shooter,Electronic Arts,20000
15470,Atlantic Quest,2011,Puzzle,Avanquest,20000
15471,Tycoon City: New York,2006,Strategy,Atari,20000
15473,Agatha Christie: The ABC Murders,2016,Adventure,Microids,20000
15483,"Transformers: Revenge of the Fallen (XBox 360, PS3, & PC Versions)",2009,Shooter,Activision,20000
15488,"Warhammer 40,000: Dawn of War: Soulstorm",2008,Strategy,THQ,20000
15495,Commandos 3: Destination Berlin,2003,Strategy,Eidos Interactive,20000
15498,Spirits and Demons: 5 Game Pack,2015,Misc,Focus Multimedia,20000
15513,Uru: Ages Beyond Myst,2003,Adventure,Ubisoft,20000
15520,X-Plane 10 Global,2013,Simulation,Aerosoft,20000
15525,WRC 2: FIA World Rally Championship,2011,Racing,Ubisoft,20000
15544,Legendary,2008,Shooter,Atari,20000
15566,Blood Bowl: Legendary Edition,2010,Sports,Focus Home Interactive,20000
15568,Pirates of the Burning Sea,2008,Role-Playing,Koch Media,20000
15574,WorldShift,2009,Strategy,Playlogic Game Factory,20000
15575,The Crew: Wild Run,2015,Action,Ubisoft,20000
15577,7 Roses: A Darkness Rises,2015,Misc,Avanquest Software,20000
15592,Peggle Nights,2008,Puzzle,PopCap Games,20000
15604,Command & Conquer 3: Kane's Wrath,2008,Strategy,Electronic Arts,20000
15608,James Bond 007: Blood Stone,2010,Shooter,Activision,20000
15612,Heavy Fire: Afghanistan,2011,Shooter,Mastiff,20000
15614,Agatha Christie: Death on the Nile,2008,Adventure,Big Fish Games,20000
15629,Tomb Raider: Legend,2006,Action,Eidos Interactive,20000
15636,Combat Flight Simulator 3: Battle for Europe,2002,Simulation,Microsoft Game Studios,20000
15642,Lara Croft and the Temple of Osiris,2014,Action,Square Enix,20000
15643,Final Fantasy XIV: Heavensward,2015,Action,Square Enix,20000
15654,Airline Tycoon,2000,Simulation,Interplay,20000
15657,Bejeweled Blitz,2010,Puzzle,Mastertronic,20000
15661,Song of the Deep,2016,Action,Insomniac Games,20000
15674,Unreal Tournament 2004,2004,Shooter,Atari,20000
15682,The Longest Journey,1999,Adventure,Empire Interactive,20000
15684,Stronghold Legends,2006,Strategy,Take-Two Interactive,20000
15695,Syberia II,2004,Adventure,MC2 Entertainment,20000
15698,Dungeons - The Dark Lord,2011,Strategy,Kalypso Media,20000
15702,Lost: Via Domus,2008,Action,Ubisoft,20000
15711,Post Mortem,2003,Adventure,Microids,20000
15728,Disciples III: Renaissance,2010,Strategy,Kalypso Media,20000
15729,Revolution: 25th Anniversary Collection,2016,Adventure,Koch Media,20000
15744,Elven Legacy Collection,2010,Strategy,Paradox Interactive,20000
15748,LEGO Star Wars II: The Original Trilogy,2006,Action,Activision,20000
15751,Just Cause,2006,Action,Eidos Interactive,20000
15753,Blazing Angels: Squadrons of WWII,2006,Simulation,Ubisoft,20000
15766,Divinity: Original Sin,2014,Role-Playing,Focus Home Interactive,20000
15770,Still Life 2,2009,Adventure,Rondomedia,20000
15780,Worms World Party,2001,Strategy,Virgin Interactive,20000
15784,Gears of War,2007,Shooter,Microsoft Game Studios,20000
15788,Colin McRae Rally 2005,2004,Racing,Codemasters,20000
15790,LEGO Star Wars: The Video Game,2005,Action,Eidos Interactive,20000
15792,Dark Void,2010,Action,Capcom,20000
15798,Star Trek: Legacy,2006,Simulation,Ubisoft,20000
15800,Wall-E,2008,Platform,THQ,20000
15816,Achtung Panzer: Kharkov 1943,2010,Strategy,Mamba Games,20000
15821,Command & Conquer 4: Tiberian Twilight,2010,Strategy,Electronic Arts,20000
15822,The Incredibles: Rise of the Underminer,2005,Action,THQ,20000
15824,Farm Frenzy,2008,Strategy,Mumbo Jumbo,20000
15827,A Vampyre Story,2008,Adventure,Crimson Cow,20000
15831,The Haunted: Hell's Reach,2011,Shooter,Visco,20000
15837,Majesty 2 Collection,2011,Strategy,Paradox Interactive,20000
15838,Sniper Elite,2005,Shooter,MC2 Entertainment,20000
15839,The Dark Hills of Cherai,2009,Puzzle,Unknown,20000
15840,FIFA Soccer 08,2007,Sports,Electronic Arts,20000
15851,Joint Operations: Combined Arms,2009,Shooter,NovaLogic,20000
15858,Drakensang: The Dark Eye,2009,Role-Playing,Eidos Interactive,20000
15861,DuckTales: Remastered,2013,Action,Capcom,20000
15863,Contrast,2013,Platform,Focus Home Interactive,20000
15872,Elven Legacy,2009,Strategy,Paradox Interactive,20000
15877,Majesty 2: The Fantasy Kingdom Sim,2009,Simulation,Paradox Interactive,20000
15883,Command & Conquer Collection,2003,Strategy,Electronic Arts,20000
15891,Worldwide Soccer Manager 2006,2004,Sports,Sega,20000
15898,Enemy Territory: Quake Wars,2007,Shooter,Activision,20000
15900,The Sims 4: Luxury Party Stuff,2015,Simulation,Electronic Arts,20000
15915,Evil Genius,2004,Strategy,Vivendi Games,20000
15926,Pillars of Eternity,2014,Role-Playing,Paradox Interactive,20000
15927,RollerCoaster Tycoon: Gold Edition,2002,Strategy,Infogrames,20000
15959,Guild Wars: Factions,2006,Role-Playing,NCSoft,20000
15965,Imperium Romanum,2008,Strategy,Kalypso Media,20000
15966,Ship Simulator 2008,2007,Simulation,Lighthouse Interactive,20000
15968,Sengoku,2011,Strategy,Paradox Interactive,20000
15971,IGT Slots: Lucky Larry's Lobstermania,2011,Simulation,Masque Publishing,20000
15978,You Don't Know Jack,1995,Misc,Vivendi Games,20000
15983,Turok,2008,Action,Touchstone,10000
15998,Football Manager Live,2009,Sports,Sega,10000
16002,Mortal Kombat,1994,Fighting,Acclaim Entertainment,10000
16006,Serious Sam II,2005,Shooter,Take-Two Interactive,10000
16011,Neverwinter Nights 2: Mask of the Betrayer,2007,Role-Playing,Atari,10000
16013,Call of Juarez,2006,Shooter,Ubisoft,10000
16016,Codename: Panzers Phase Two,2005,Strategy,CDV Software Entertainment,10000
16018,Rise of Flight: Iron Cross Edition,2010,Simulation,Aerosoft,10000
16020,Unreal Tournament 2003,2002,Shooter,Atari,10000
16028,The Last Remnant,2009,Role-Playing,Square Enix,10000
16043,Impossible Creatures,2002,Strategy,Microsoft Game Studios,10000
16048,Guitar Hero III: Legends of Rock,2007,Misc,Aspyr,10000
16049,Blitzkrieg 2 Anthology,2008,Strategy,Ascaron Entertainment GmbH,10000
16050,Rayman Raving Rabbids,2006,Misc,Ubisoft,10000
16053,Coronation Street: The Mystery of the Missing Hotpot Recipe,2011,Adventure,Avanquest,10000
16054,Battle Worlds: Kronos,2016,Strategy,Nordic Games,10000
16064,Digger Simulator,2011,Simulation,Excalibur Publishing,10000
16070,IL-2 Sturmovik,2001,Simulation,Blue Byte,10000
16073,East India Company,2009,Strategy,Paradox Interactive,10000
16076,Empire Deluxe,1992,Strategy,New World Computing,10000
16083,Virtua Tennis 3,2007,Sports,Sega,10000
16096,Grand Theft Auto III,2002,Action,Take-Two Interactive,10000
16112,Paranormal Pursuit: The Gifted One,2015,Action,Alawar Entertainment,10000
16118,Brain Exercise With Dr. Kawashima,2009,Puzzle,Namco Bandai Games,10000
16121,Football Manager 2005,2004,Sports,Sega,10000
16125,Theatre Of War,2007,Strategy,Kalypso Media,10000
16131,Voodoo Chronicles: First Sign,2011,Adventure,ValuSoft,10000
16143,BlazBlue: Calamity Trigger,2010,Fighting,PQube,10000
16146,Harry Potter and the Chamber of Secrets,2002,Action,Electronic Arts,10000
16148,Mystery Legends: Beauty and the Beast,2012,Puzzle,Focus Multimedia,10000
16163,Raven Squad: Operation Hidden Dagger,2009,Shooter,Evolved Games,10000
16165,Tiger Woods PGA Tour 2005,2004,Sports,Electronic Arts,10000
16166,Deus Ex,2000,Role-Playing,Eidos Interactive,10000
16174,Dark Parables: The Exiled Prince,2011,Puzzle,Unknown,10000
16180,Rail Simulator,2007,Simulation,Electronic Arts,10000
16189,BattleForge,2009,Strategy,Electronic Arts,10000
16190,Jewel Quest II,2007,Puzzle,Avanquest,10000
16192,Sonic & All-Stars Racing Transformed,2013,Racing,Sega,10000
16198,Legoland,1999,Action,LEGO Media,10000
16224,Spider-Man: Friend or Foe,2007,Action,Activision,10000
16236,Marvel: Ultimate Alliance,2006,Role-Playing,Activision,10000
16245,F.E.A.R. Perseus Mandate,2007,Shooter,Vivendi Games,10000
16247,Valentino Rossi: The Game,2016,Racing,Namco Bandai Games,10000
16248,FlatOut: Ultimate Carnage,2008,Racing,Empire Interactive,10000
16259,Conflict: Denied Ops,2008,Shooter,Eidos Interactive,10000
16261,Championship Manager 2010,2009,Sports,Eidos Interactive,10000
16276,Battlestations: Midway,2007,Strategy,Eidos Interactive,10000
16277,Farming Simulator 15 Expansion Pack,2015,Action,Focus Home Interactive,10000
16286,The Chronicles of Riddick: Assault on Dark Athena,2009,Shooter,Vivendi Games,10000
16289,War for the Overworld,2015,Strategy,Unknown,10000
16290,TimeShift,2007,Shooter,Vivendi Games,10000
16292,The Train Giant,2012,Strategy,Ascaron Entertainment,10000
16326,MXGP 2,2016,Racing,Milestone S.r.l.,10000
16342,Command & Conquer Renegade,2002,Shooter,Electronic Arts,10000
16347,Cities: Skylines Snowfall,2016,Simulation,Paradox Development,10000
16351,Dungeons & Dragons: Neverwinter Nights - Complete,2011,Misc,Atari,10000
16355,Juiced 2: Hot Import Nights,2007,Racing,THQ,10000
16357,Monster Jam,2007,Racing,Activision,10000
16358,Icewind Dale II,2002,Role-Playing,Interplay,10000
16364,Act of Aggression,2015,Strategy,Focus Home Interactive,10000
16366,Fallout Anthology,2015,Action,Bethesda Softworks,10000
16367,Tropico 3: Gold Edition,2010,Strategy,Kalypso Media,10000
16373,Gobliiins 4,2009,Adventure,Kalypso Media,10000
16378,Colin McRae Rally 04,2004,Racing,Codemasters,10000
16382,Grand Prix Legends,1997,Racing,Vivendi Games,10000
16387,Poker for Dummies,2008,Misc,Electronic Arts,10000
16389,TrackMania Turbo,2016,Action,Ubisoft,10000
16396,Alone in the Dark,2008,Adventure,Atari,10000
16402,The Technomancer,2016,Role-Playing,Focus Home Interactive,10000
16403,Pro Evolution Soccer 2010,2009,Sports,Konami Digital Entertainment,10000
16409,The Amazing Spider-Man 2 (2014),2014,Action,Activision,10000
16411,Sega Rally Revo,2007,Racing,Sega,10000
16423,Winning Eleven: Pro Evolution Soccer 2007,2006,Sports,Konami Digital Entertainment,10000
16436,Clive Barker's Jericho,2007,Shooter,Codemasters,10000
16439,Worms 2,1997,Strategy,Microprose,10000
16447,Madagascar: Escape 2 Africa,2008,Action,Activision,10000
16450,Legacy of Kain: Defiance,2003,Action,Eidos Interactive,10000
16452,King's Bounty: Armored Princess,2009,Role-Playing,1C Company,10000
16462,Rugby World Cup 2015,2015,Sports,Ubisoft,10000
16477,Total War Attila: Tyrants & Kings,2016,Strategy,Koch Media,10000
16482,Agatha Christie: Peril at End House,2009,Adventure,JoWood Productions,10000
16486,Hospital Tycoon,2007,Strategy,Codemasters,10000
16494,Summer Athletics,2008,Sports,DTP Entertainment,10000
16504,"Transformers: War for Cybertron (XBox 360, PS3, & PC Versions)",2010,Shooter,Activision,10000
16511,The Rise of the Argonauts,2008,Role-Playing,Codemasters,10000
16512,Trine,2009,Action,Nobilis,10000
16514,Pony Friends 2,2009,Simulation,Eidos Interactive,10000
16516,Deal or No Deal,2006,Misc,Focus Home Interactive,10000
16535,STORM: Frontline Nation,2011,Strategy,Unknown,10000
16539,Patrician IV: Gold Edition,2011,Misc,Kalypso Media,10000
16540,Transformers: Fall of Cybertron,2012,Action,Activision,10000
16542,Spore Galactic Adventures,2009,Strategy,Electronic Arts,10000
16543,15 Days,2009,Adventure,DTP Entertainment,10000
16548,The Treasures of Mystery Island 3 Pack - Save Mystery Island!,2011,Puzzle,Unknown,10000
16550,Bookworm Deluxe,2006,Puzzle,PopCap Games,10000
16558,Codename: Panzers Complete Collection,2016,Strategy,Nordic Games,10000
16561,Pro Evolution Soccer 2008,2007,Sports,Konami Digital Entertainment,10000
16569,End of Nations,2012,Strategy,Trion Worlds,10000
16580,Damnation,2009,Shooter,Codemasters,10000
16588,Breach,2011,Shooter,Destineer,10000
16594,Myst IV: Revelation,2004,Adventure,Ubisoft,10000
